wave,variables,cronbach_alpha,interpretacao,n_casos_validos,n_total
wave-2-1991-br,"V307, V308, V309",0.5911,Aceitável,1782,1782
wave-3-1997-br,"V199, V197, V198",0.5802342852124964,Aceitável,1143,1143
wave-5-2006-br,"V204, V202, V203",0.5544841510665902,Aceitável,1500,1500
wave-6-2014-br,"V204, V203, V203A",0.5343174962108269,Aceitável,1486,1486
wave-7-2018-br,"Q184, Q182, Q183",0.6066056572029885,Aceitável,1762,1762
