wave,year,cronbach_alpha,interpretacao,n_casos_validos
Todas as ondas,1991-2018,-0.07287422198603943,Inadequada,7673
wave-2-1991-br,1991,-0.23311187651334864,Inadequada,1782
wave-3-1997-br,1997,-0.0545396553119919,Inadequada,1143
wave-5-2006-br,2006,-0.07748285082040507,Inadequada,1500
wave-6-2014-br,2014,-0.11530422588476297,Inadequada,1486
wave-7-2018-br,2018,0.08091030900546414,Inadequada,1762
