wave,year,cronbach_alpha,interpretacao,n_casos_validos
Todas as ondas,1991-2018,0.48757585808760723,Inadequada,7673
wave-2-1991-br,1991,0.41834684548381124,Inadequada,1782
wave-3-1997-br,1997,0.5106733637794894,Aceitável,1143
wave-5-2006-br,2006,0.4746586912921182,Inadequada,1500
wave-6-2014-br,2014,0.4598915186601754,Inadequada,1486
wave-7-2018-br,2018,0.5601459000973229,Aceitável,1762
