wave,year,cronbach_alpha,interpretacao,n_casos_validos,n_variaveis
Todas as ondas,1991-2018,0.6888548012599923,Aceitável,1762,7
wave-2-1991-br,1991,0.5875390239810235,Aceitável,1782,4
wave-3-1997-br,1997,0.6959001278288383,Aceitável,1143,7
wave-5-2006-br,2006,0.6719441862836768,Aceitável,1500,7
wave-6-2014-br,2014,0.6820675312193005,Aceitável,1486,7
wave-7-2018-br,2018,0.8391212425919904,Boa,1762,7
