wave,year,cronbach_alpha,interpretacao,n_casos_validos
Todas as ondas,1991-2018,0.6121343400936421,Aceitável,1762
wave-2-1991-br,1991,0.5875390239810235,Aceitável,1782
wave-3-1997-br,1997,0.6465692670981651,Aceitável,1143
wave-5-2006-br,2006,0.6003384220495352,Aceitável,1500
wave-6-2014-br,2014,0.6075572175925372,Aceitável,1486
wave-7-2018-br,2018,0.6261740994252263,Aceitável,1762
