wave,year,cronbach_alpha,interpretacao,n_casos_validos
wave-2-1991-br,1991,0.6220810621227573,Aceitável,1782
wave-3-1997-br,1997,0.6074739227592554,Aceitável,1143
wave-5-2006-br,2006,0.5757041295669838,Aceitável,1500
wave-6-2014-br,2014,0.5557256825642218,Aceitável,1486
wave-7-2018-br,2018,0.6220410405253964,Aceitável,1762
