wave,year,variables,cronbach_alpha,interpretacao,n_casos_validos
wave-2-1991-br,1991,"V307, V308, V309",0.5910731086254719,Aceitável,1782
wave-3-1997-br,1997,"V199, V197, V198",0.5802342852124964,Aceitável,1143
wave-5-2006-br,2006,"V204, V202, V203",0.5544841510665902,Aceitável,1500
wave-6-2014-br,2014,"V204, V203, V203A",0.5343174962108269,Aceitável,1486
wave-7-2018-br,2018,"Q184, Q182, Q183",0.6066056572029885,Aceitável,1762
