wave,year,cronbach_alpha,interpretacao,n_casos_validos
Todas as ondas,1991-2018,0.6112182051472341,Aceitável,1762
wave-2-1991-br,1991,0.6037337717592575,Aceitável,1782
wave-3-1997-br,1997,0.6027927483369795,Aceitável,1143
wave-5-2006-br,2006,0.5957164654906006,Aceitável,1500
wave-6-2014-br,2014,0.5740775674439547,Aceitável,1486
wave-7-2018-br,2018,0.6638558284163492,Aceitável,1762
